"","weatherCloudCover","weatherVisibillity","weatherWindBearing","weatherWindSpeed","weatherHumidity","weatherDewPoint","weatherTempMax","weatherTempMin","weatherPrecip","weatherMoonPhase","weatherSunset","weatherSunrise","weatherIcon","weatherSummary","weatherPressure","weatherOzone","weatherDate"
"1",0.27,9.15,136,6.25,0.81,73.04,93.02,68.58,4e-04,0.2,"NA","NA","partly-cloudy-day","Partly cloudy until afternoon.",1014.23,305.57,2016-06-09
"2",0.28,9.73,135,5.08,0.75,71.45,92.27,71.28,0.001,0.17,"NA","NA","partly-cloudy-day","Partly cloudy throughout the day.",1013.38,315.19,2016-06-08
"3",0.27,9.66,133,2.28,0.75,71.06,90.77,70.58,0.0134,0.13,"NA","NA","rain","Rain until evening.",1012.4,318.77,2016-06-07
"4",0.14,9.99,42,1.85,0.67,67.27,90.41,68.18,3e-04,0.1,"NA","NA","partly-cloudy-day","Partly cloudy in the afternoon.",1011.79,317.82,2016-06-06
"5",0.02,10,1,5.46,0.62,62.83,88.25,65.55,0,0.06,"NA","NA","clear-day","Clear throughout the day.",1010.94,325.15,2016-06-05
"6",0.34,8.37,4,7.39,0.69,64.14,86.78,67.49,3e-04,0.03,"NA","NA","partly-cloudy-night","Mostly cloudy in the morning.",1011.54,328.08,2016-06-04
"7",0.72,7.71,8,5.77,0.86,69.01,82.34,67.58,0.0099,0.98,"NA","NA","rain","Light rain throughout the day.",1011.8,333.81,2016-06-03
"8",0.54,8.21,112,1.21,0.78,66.46,83.09,66.04,0.0219,0.95,"NA","NA","rain","Rain starting in the afternoon.",1011.45,348.96,2016-06-02
"9",0.57,7.06,321,2.33,0.85,68.6,79.8,69.25,0.0561,0.91,"NA","NA","rain","Heavy rain throughout the day.",1011.92,324.38,2016-06-01
"10",0.57,7.07,77,2.74,0.84,69.21,84.06,67.01,0.014,0.87,"NA","NA","rain","Rain starting in the afternoon.",1011.3,311.74,2016-05-31
"11",0.66,8.04,165,3.8,0.89,71.33,80.92,68.66,0.0072,0.84,"NA","NA","rain","Light rain starting in the afternoon.",1011.23,303.74,2016-05-30
"12",0.3,9.09,156,4.24,0.76,68.76,86.92,67.9,0.0063,0.8,"NA","NA","rain","Light rain until afternoon.",1014.54,304.58,2016-05-29
"13",0.37,9.64,148,5.22,0.8,71.41,86.41,70.79,0.0033,0.76,"NA","NA","rain","Drizzle in the evening.",1016.5,305.56,2016-05-28
"14",0.43,8.33,163,6.16,0.85,71.14,87.53,65.47,4e-04,0.73,"NA","NA","partly-cloudy-day","Partly cloudy throughout the day.",1012.09,321.11,2016-05-27
"15",0.66,7.77,94,6.43,0.9,68.13,76.27,67.71,0.0414,0.69,"NA","NA","rain","Rain until evening.",1007.4,317.01,2016-05-26
"16",0.56,7.3,152,7.94,0.86,74.29,85.96,72.66,0.0249,0.65,"NA","NA","rain","Rain throughout the day.",1010.69,NA,2016-05-25
"17",0.39,8.04,163,7.87,0.84,74.54,84.72,75.89,8e-04,0.62,"NA","NA","partly-cloudy-day","Mostly cloudy in the afternoon.",1013.87,NA,2016-05-24
"18",0.48,9.6,155,8.59,0.8,72.73,85.78,74.44,0,0.59,"NA","NA","partly-cloudy-day","Partly cloudy starting in the evening.",1012.33,NA,2016-05-23
"19",0.5,8.75,141,8.23,0.85,71.53,82.47,71.78,1e-04,0.56,"NA","NA","partly-cloudy-night","Partly cloudy starting in the evening.",1011.03,NA,2016-05-22
"20",0.38,9.35,125,5.8,0.81,71.85,85.68,72,0,0.53,"NA","NA","partly-cloudy-day","Partly cloudy starting in the afternoon, continuing until evening.",1012.88,NA,2016-05-21
"21",0.35,9.41,99,4.73,0.83,69.71,82.18,69.66,0,0.48,"NA","NA","partly-cloudy-day","Partly cloudy starting in the afternoon.",1015.45,NA,2016-05-20
"22",0.17,8.99,55,3.42,0.78,62.82,81.47,61.56,0,0.46,"NA","NA","partly-cloudy-day","Partly cloudy until afternoon.",1014.62,NA,2016-05-19
"23",0.54,6.92,33,7.46,0.89,61.99,74.06,61.16,0.0472,0.43,"NA","NA","rain","Heavy rain until afternoon.",1013.83,NA,2016-05-18
"24",0.43,9.6,21,9.23,0.8,60.95,75.72,63.55,0.0098,0.4,"NA","NA","partly-cloudy-night","Partly cloudy starting in the evening.",1016.53,NA,2016-05-17
"25",0.36,7.01,61,5.28,0.84,66.65,81.17,66.42,1e-04,0.37,"NA","NA","rain","Rain overnight.",1012.3,NA,2016-05-16
"26",0.44,7.77,117,5.8,0.86,66.44,78.49,66.72,0.0075,0.34,"NA","NA","rain","Light rain in the morning.",1012.16,NA,2016-05-15
"27",0.31,9.1,41,5.29,0.84,61.72,72.08,61.75,0.0029,0.31,"NA","NA","rain","Light rain starting in the evening.",1017.41,NA,2016-05-14
"28",0.22,7.98,95,0.75,0.88,67.92,80.06,65.83,0.012,0.28,"NA","NA","rain","Rain starting in the afternoon, continuing until evening.",1017.37,NA,2016-05-13
"29",0.22,9.94,71,3.5,0.7,67.17,85.28,70.29,0,0.25,"NA","NA","partly-cloudy-day","Partly cloudy starting in the afternoon, continuing until evening.",1018.97,NA,2016-05-12
"30",0.27,9.01,65,3.6,0.78,68.13,82.84,70.21,0.0032,0.22,"NA","NA","rain","Rain in the afternoon.",1018.08,NA,2016-05-11
"31",0.25,8.94,143,6.58,0.78,67.41,85.23,65.14,0.0088,0.18,"NA","NA","rain","Light rain in the morning.",1014.42,NA,2016-05-10
"32",0.32,6.56,167,8.72,0.76,70.85,89.4,67.85,0.0021,0.15,"NA","NA","rain","Rain overnight.",1010.11,NA,2016-05-09
"33",0.21,9.92,188,9.69,0.72,65.52,86.94,66.99,0,0.11,"NA","NA","partly-cloudy-day","Partly cloudy in the afternoon.",1007.46,NA,2016-05-08
"34",0.31,9.6,166,9.33,0.84,65.2,72.53,66.95,0.0032,0.07,"NA","NA","rain","Light rain in the afternoon.",1010.54,NA,2016-05-07
"35",0.05,9.87,167,8.09,0.65,57.96,83.35,58.37,0,0.04,"NA","NA","clear-day","Clear throughout the day.",1014.7,NA,2016-05-06
"36",0.06,10,109,2.68,0.57,53.11,84,57.05,0,0.01,"NA","NA","clear-day","Clear throughout the day.",1016.77,NA,2016-05-05
"37",0.03,10,357,3.5,0.53,53.06,86.18,57.94,0,0.96,"NA","NA","clear-day","Clear throughout the day.",1016.26,NA,2016-05-04
"38",0.03,10,310,5.09,0.57,51.19,85.1,54.43,0,0.92,"NA","NA","clear-day","Clear throughout the day.",1017.24,NA,2016-05-03
"39",0.1,10,17,7.2,0.6,49.08,76.28,54.15,0,0.88,"NA","NA","clear-day","Clear throughout the day.",1018.25,NA,2016-05-02
"40",0.71,9.98,354,10.15,0.68,51.95,68.52,57.29,0.0016,0.85,"NA","NA","partly-cloudy-night","Partly cloudy starting in the evening.",1017.73,NA,2016-05-01
"41",0.17,9.86,20,10.47,0.72,60.54,76.02,65.57,0,0.81,"NA","NA","rain","Light rain overnight.",1011.44,NA,2016-04-30
"42",0.16,8.7,14,3.77,0.76,66.25,83.36,65.29,0.0217,0.77,"NA","NA","rain","Heavy rain in the morning.",1005.31,NA,2016-04-29
"43",0.45,5.99,166,9.23,0.85,73.19,83.24,74.53,1e-04,0.74,"NA","NA","partly-cloudy-night","Partly cloudy starting in the evening.",1003.77,NA,2016-04-28
"44",0.29,8.01,135,7.72,0.76,65.92,85.75,63.34,0,0.7,"NA","NA","partly-cloudy-day","Partly cloudy until afternoon.",1007.94,NA,2016-04-27
"45",0.11,8.76,284,2.41,0.61,55.71,88.09,62.18,0.0074,0.67,"NA","NA","rain","Rain in the morning.",1004.96,NA,2016-04-26
"46",0.46,7.97,168,11.39,0.77,68.72,84.72,71.91,0,0.64,"NA","NA","rain","Rain overnight.",1004.61,NA,2016-04-25
"47",0.41,9.18,165,8.79,0.79,69.6,86.91,69.41,0,0.61,"NA","NA","partly-cloudy-day","Partly cloudy starting in the afternoon.",1007.66,NA,2016-04-24
"48",0.22,9.95,157,6.73,0.79,62.48,77.22,61.86,0,0.58,"NA","NA","partly-cloudy-day","Partly cloudy starting in the afternoon.",1011.24,NA,2016-04-23
"49",0.06,10,144,1.82,0.62,54.19,81.47,56.71,0,0.55,"NA","NA","clear-day","Clear throughout the day.",1016.87,NA,2016-04-22
"50",0.07,10,15,4.13,0.64,55.52,81.69,59.56,0,0.52,"NA","NA","clear-day","Clear throughout the day.",1017.86,NA,2016-04-21
"51",0.25,8.53,32,3.48,0.81,61.98,80.66,60.66,0.0151,0.48,"NA","NA","rain","Rain until afternoon.",1014.16,NA,2016-04-20
"52",0.22,8.54,80,2.63,0.82,63.36,78.97,60.75,0.0089,0.46,"NA","NA","rain","Rain in the morning.",1014.47,NA,2016-04-19
"53",0.31,6.99,62,2.67,0.87,64.93,78.64,63.04,0,0.43,"NA","NA","fog","Foggy in the morning.",1016.74,NA,2016-04-18
"54",0.49,7.26,40,4.66,0.93,65.47,72.8,63.67,0.0419,0.4,"NA","NA","rain","Heavy rain in the morning and evening.",1016.97,NA,2016-04-17
"55",NA,5.28,116,6.34,0.95,68.16,76.41,65.5,0.0238,0.36,"NA","NA","rain","Rain until evening, starting again overnight.",1012.66,NA,2016-04-16
"56",NA,7.14,132,8.77,0.91,65.99,73.39,63.81,0.0081,0.33,"NA","NA","rain","Rain in the evening.",1009.91,NA,2016-04-15
"57",0.15,8.36,112,4.4,0.79,58.35,77.94,54.02,0,0.3,"NA","NA","partly-cloudy-night","Partly cloudy overnight.",1011.19,NA,2016-04-14
"58",0.17,7.28,12,5.21,0.8,56.36,74.84,54.31,0,0.27,"NA","NA","partly-cloudy-day","Partly cloudy until afternoon.",1015.24,NA,2016-04-13
"59",0.39,8.2,7,5.82,0.88,59.97,69.75,60.25,0.0152,0.23,"NA","NA","partly-cloudy-night","Partly cloudy in the morning.",1016.33,NA,2016-04-12
"60",0.56,8.16,25,9.55,0.86,61.46,70.86,62.22,0.0257,0.2,"NA","NA","rain","Heavy rain overnight.",1016.77,NA,2016-04-11
"61",0.27,9.05,185,8.74,0.78,67.82,86.34,70,0,0.16,"NA","NA","partly-cloudy-day","Partly cloudy in the afternoon.",1011.54,NA,2016-04-10
"62",NA,9.87,173,10.7,0.78,62.66,77.58,64.89,0,0.12,"NA","NA","partly-cloudy-night","Partly cloudy overnight.",1013.89,NA,2016-04-09
"63",0.2,9.85,148,6.06,0.61,51.95,75.98,57.65,8e-04,0.09,"NA","NA","rain","Light rain in the morning.",1018.28,NA,2016-04-08
"64",0.04,10,77,5.17,0.45,43.2,78.44,54.79,0,0.05,"NA","NA","clear-day","Clear throughout the day.",1019.46,NA,2016-04-07
"65",0.03,10,220,4.55,0.51,44.51,83.28,48.59,0,0.01,"NA","NA","clear-day","Clear throughout the day.",1016.3,NA,2016-04-06
"66",0.08,9.98,313,2.18,0.56,48.49,80.07,57.05,0,0.97,"NA","NA","clear-day","Clear throughout the day.",1017.2,NA,2016-04-05
"67",0.05,10,187,7.28,0.52,47.42,80.02,50.86,0,0.93,"NA","NA","clear-day","Clear throughout the day.",1020.7,NA,2016-04-04
"68",0,10,197,6.24,0.51,46.44,81.64,52.01,0,0.9,"NA","NA","clear-day","Clear throughout the day.",1020.81,NA,2016-04-03
"69",0.03,9.98,195,2.98,0.54,40.67,76.83,43.7,0,0.86,"NA","NA","clear-day","Clear throughout the day.",1022.02,NA,2016-04-02
"70",0.07,10,318,5.8,0.52,37.72,72.38,44.6,0,0.83,"NA","NA","clear-day","Clear throughout the day.",1023.69,NA,2016-04-01
"71",0.27,9.69,24,11.52,0.65,45.39,65.35,50.71,0.0065,0.79,"NA","NA","rain","Light rain in the morning and afternoon.",1014.11,NA,2016-03-31
"72",0.16,7.28,23,3.51,0.58,54.22,84.63,67.34,0,0.76,"NA","NA","partly-cloudy-night","Partly cloudy in the morning.",1004.44,NA,2016-03-30
"73",0.56,5.06,167,9.46,0.93,68.87,76.02,68.5,0.0016,0.72,"NA","NA","rain","Drizzle in the afternoon.",1006.44,NA,2016-03-29
"74",0.52,5.46,135,6.49,0.88,60.72,68.77,58.66,3e-04,0.69,"NA","NA","clear-day","Humid throughout the day.",1013.3,NA,2016-03-28
"75",0.05,10,54,4.81,0.54,42.27,73.56,47.48,0,0.66,"NA","NA","clear-day","Clear throughout the day.",1019.09,NA,2016-03-27
"76",0.1,8.58,352,5.48,0.7,53.38,72.7,57.18,1e-04,0.63,"NA","NA","partly-cloudy-day","Partly cloudy in the afternoon.",1016.84,NA,2016-03-26
"77",0.06,9.12,170,5.66,0.77,52.13,72.56,46.61,0,0.6,"NA","NA","partly-cloudy-day","Partly cloudy until afternoon.",1012.31,NA,2016-03-25
"78",0.05,9.98,146,2.38,0.59,40.5,72.25,42.11,0,0.57,"NA","NA","clear-day","Clear throughout the day.",1014.23,NA,2016-03-24
"79",0.1,9.31,345,9.63,0.52,41.26,68.94,51.02,0.0139,0.54,"NA","NA","partly-cloudy-night","Partly cloudy in the morning.",1014.35,NA,2016-03-23
"80",0.32,9.76,174,13.12,0.75,61.74,78.97,64.79,0,0.51,"NA","NA","rain","Rain overnight.",1008.66,NA,2016-03-22
"81",0.07,10,184,11.54,0.67,48.8,76.27,44.35,0,0.48,"NA","NA","clear-day","Clear throughout the day.",1018.26,NA,2016-03-21
"82",0,10,180,4.09,0.54,33.13,66.52,35.55,0,0.45,"NA","NA","clear-day","Clear throughout the day.",1028.63,NA,2016-03-20
"83",0.02,9.97,0,8.14,0.44,28.93,62.32,41.81,0,0.42,"NA","NA","clear-day","Clear throughout the day.",1028.78,NA,2016-03-19
"84",0.2,10,7,14.34,0.53,37.04,61.77,47.35,0,0.38,"NA","NA","partly-cloudy-night","Partly cloudy in the morning.",1020.72,NA,2016-03-18
"85",0.45,5.84,86,1.74,0.89,66.06,77.05,58.95,0.0038,0.35,"NA","NA","rain","Rain starting in the evening.",1009.22,NA,2016-03-17
"86",0.42,7.24,137,3.85,0.85,66.25,78.45,67.13,4e-04,0.32,"NA","NA","rain","Drizzle in the morning.",1010.77,NA,2016-03-16
"87",0.13,8.97,91,3.07,0.63,54.79,78.28,58.72,0,0.28,"NA","NA","partly-cloudy-night","Partly cloudy starting in the evening.",1013.6,NA,2016-03-15
"88",0.1,6.8,199,4,0.67,61.03,88.25,66.63,0,0.25,"NA","NA","partly-cloudy-night","Mostly cloudy in the morning.",1008.29,NA,2016-03-14
"89",0.05,10,214,6.9,0.48,50.3,89.16,53.14,0,0.21,"NA","NA","clear-day","Clear throughout the day.",1008.66,NA,2016-03-13
"90",0.25,9.55,229,3.2,0.79,55.88,72.6,57.37,0.001,0.14,"NA","NA","rain","Light rain in the morning.",1011.91,NA,2016-03-12
"91",0.56,7.81,35,3.42,0.89,60.17,69.76,58.94,0.0118,0.1,"NA","NA","rain","Light rain in the morning and afternoon.",1013.22,NA,2016-03-11
"92",0.75,7.51,12,10.49,0.95,59.6,63.39,58.44,0.0119,0.06,"NA","NA","rain","Rain in the morning and evening.",1011.27,NA,2016-03-10
"93",0.61,7.42,22,9.25,0.94,58.53,70.22,58.66,0.0563,0.02,"NA","NA","rain","Rain until afternoon, starting again in the evening.",1006.66,NA,2016-03-09
"94",0.41,8.36,159,10.45,0.81,65.92,80.61,68.41,0.0022,0.99,"NA","NA","rain","Heavy rain in the morning and overnight.",1004.69,NA,2016-03-08
"95",NA,9.09,160,13.47,0.81,62.63,75.85,63.93,2e-04,0.95,"NA","NA","clear-day","Clear throughout the day.",1009.42,NA,2016-03-07
"96",0.32,9.05,162,9.35,0.79,57.62,75.08,56.3,0,0.91,"NA","NA","partly-cloudy-night","Partly cloudy overnight.",1017.91,NA,2016-03-06
"97",0.11,9.48,145,5.55,0.69,53.66,77.08,57.01,0,0.88,"NA","NA","clear-day","Clear throughout the day.",1020.11,NA,2016-03-05
"98",0.04,10,128,2.13,0.44,37.12,75.14,44.51,0,0.84,"NA","NA","clear-day","Clear throughout the day.",1020.04,NA,2016-03-04
"99",0.18,9.42,343,4.34,0.55,50.25,81.68,58.9,0,0.81,"NA","NA","partly-cloudy-day","Partly cloudy in the morning.",1014.45,NA,2016-03-03
"100",0.12,9.98,155,5.39,0.56,45.66,75.73,46.64,0,0.78,"NA","NA","partly-cloudy-day","Partly cloudy starting in the afternoon, continuing until evening.",1018.54,NA,2016-03-02
"101",0.26,9.96,291,2.85,0.64,55.07,80.31,57.88,0,0.75,"NA","NA","partly-cloudy-day","Partly cloudy until afternoon.",1016.4,NA,2016-03-01
"102",0.36,9.69,186,7.07,0.77,59.89,76.82,62.53,0,0.71,"NA","NA","partly-cloudy-day","Partly cloudy until evening.",1016.56,NA,2016-02-29
"103",0.4,9.73,189,8.34,0.77,55.14,75.81,53.5,0,0.68,"NA","NA","partly-cloudy-day","Partly cloudy starting in the afternoon, continuing until evening.",1017.03,NA,2016-02-28
"104",0.12,10,190,7.43,0.64,43.81,71.41,42.02,0,0.65,"NA","NA","partly-cloudy-day","Partly cloudy in the evening.",1024.04,NA,2016-02-27
"105",0.08,10,79,2.1,0.45,29.69,63.47,38.6,0,0.62,"NA","NA","clear-day","Clear throughout the day.",1029.6,NA,2016-02-26
"106",0.06,10,0,5.1,0.48,31.45,67.21,38.41,0,0.59,"NA","NA","clear-day","Clear throughout the day.",1025.9,NA,2016-02-25
"107",0.01,10,312,9.21,0.47,30.36,64.12,43.88,0,0.56,"NA","NA","clear-day","Clear throughout the day.",1021.66,NA,2016-02-24
"108",0.38,8.84,320,11.04,0.77,47.46,60.83,47.94,0.0248,0.53,"NA","NA","rain","Drizzle in the morning and breezy until afternoon.",1007.46,NA,2016-02-23
"109",0.44,9.25,38,4.36,0.8,56.56,69.7,58.03,0,0.51,"NA","NA","rain","Heavy rain overnight.",1011.8,NA,2016-02-22
"110",0.42,8.99,186,3.6,0.88,63.08,71.02,64.81,2e-04,0.47,"NA","NA","partly-cloudy-night","Partly cloudy starting in the afternoon.",1015.62,NA,2016-02-21
"111",0.48,9.31,181,9.37,0.8,62.51,74.82,65.53,0,0.44,"NA","NA","partly-cloudy-night","Partly cloudy in the evening.",1016.72,NA,2016-02-20
"112",0.23,10,186,11.7,0.68,57.92,79.68,63.63,0,0.41,"NA","NA","clear-day","Clear throughout the day.",1018.79,NA,2016-02-19
"113",0.1,9.13,173,10.5,0.7,52.91,78.15,51.91,0,0.37,"NA","NA","clear-day","Clear throughout the day.",1021.07,NA,2016-02-18
"114",0.07,10,106,3.61,0.36,33.18,73.98,47.33,0,0.34,"NA","NA","clear-day","Clear throughout the day.",1022.38,NA,2016-02-17
"115",0.06,10,280,2.78,0.48,39.97,79.88,45.74,0,0.3,"NA","NA","clear-day","Clear throughout the day.",1015.09,NA,2016-02-16
"116",0.12,9.86,346,4.98,0.63,47.96,73.55,50.34,0,0.26,"NA","NA","wind","Breezy in the afternoon.",1011.97,NA,2016-02-15
"117",0.25,9.69,190,8.88,0.77,54.72,73.49,55.16,0,0.23,"NA","NA","partly-cloudy-day","Partly cloudy in the afternoon.",1014.31,NA,2016-02-14
"118",0.06,10,142,3.42,0.59,46.29,73.34,49.08,0,0.19,"NA","NA","partly-cloudy-night","Partly cloudy overnight.",1024.48,NA,2016-02-13
"119",0.01,9.85,8,2.34,0.56,43.55,78.54,45.47,0,0.15,"NA","NA","clear-day","Clear throughout the day.",1022.64,NA,2016-02-12
"120",0.02,9.99,206,8.18,0.38,36.44,81.47,49.04,0,0.11,"NA","NA","clear-day","Clear throughout the day.",1019.92,NA,2016-02-11
"121",0,10,198,2.49,0.45,32.45,73.05,38.48,0,0.08,"NA","NA","clear-day","Clear throughout the day.",1026.04,NA,2016-02-10
"122",0.01,10,309,5.78,0.36,25.63,72.04,38.58,1e-04,0.04,"NA","NA","clear-day","Clear throughout the day.",1026.74,NA,2016-02-09
"123",0.04,10,341,10.22,0.31,20.53,63.63,45.21,0,0.01,"NA","NA","clear-day","Clear throughout the day.",1026.83,NA,2016-02-08
"124",0.05,9.42,207,5.66,0.6,32.24,66.39,31.41,0,0.97,"NA","NA","clear-day","Clear throughout the day.",1023.92,NA,2016-02-07
"125",0.08,9.98,320,7.05,0.5,30.55,59.43,39.04,5e-04,0.93,"NA","NA","clear-day","Clear throughout the day.",1027.75,NA,2016-02-06
"126",0.07,10,161,5.77,0.5,27.81,60.32,31.75,0,0.9,"NA","NA","partly-cloudy-night","Partly cloudy overnight.",1029.05,NA,2016-02-05
"127",0.01,10,1,2.75,0.45,22.72,57.13,33.33,0,0.86,"NA","NA","clear-day","Clear throughout the day.",1031.25,NA,2016-02-04
"128",0.04,10,353,9.68,0.43,25.59,57.43,38.39,0,0.83,"NA","NA","clear-day","Clear throughout the day.",1021.71,NA,2016-02-03
"129",0.09,9.54,313,7.82,0.28,27.22,70.77,51.35,0,0.8,"NA","NA","clear-day","Clear throughout the day.",1008.21,NA,2016-02-02
"130",0.16,7.52,156,7.28,0.74,54.87,76.57,52.96,0,0.77,"NA","NA","fog","Foggy in the morning.",1006.16,NA,2016-02-01
"131",0.11,9.83,197,5.76,0.69,54.79,82.71,58,0,0.74,"NA","NA","partly-cloudy-night","Mostly cloudy in the morning.",1009.07,NA,2016-01-31
"132",0.07,10,189,9.23,0.58,44.29,75.81,44.56,0,0.71,"NA","NA","partly-cloudy-night","Partly cloudy overnight.",1011.67,NA,2016-01-30
"133",0.05,9.97,217,7.19,0.49,34.63,74.46,39.61,0,0.68,"NA","NA","clear-day","Clear throughout the day.",1016.89,NA,2016-01-29
"134",0.01,10,273,3.58,0.55,31.38,71.1,32.36,0,0.65,"NA","NA","clear-day","Clear throughout the day.",1021.88,NA,2016-01-28
"135",0.05,10,353,7.18,0.5,26.99,57.85,37.8,0,0.62,"NA","NA","clear-day","Clear throughout the day.",1026.47,NA,2016-01-27
"136",0.32,9.9,16,12.4,0.53,33.27,56.86,44.35,0.0021,0.59,"NA","NA","rain","Light rain in the afternoon.",1022.04,NA,2016-01-26
"137",0.13,9.94,219,2.33,0.7,51.56,73.24,56.17,0,0.56,"NA","NA","partly-cloudy-night","Partly cloudy in the morning.",1013.67,NA,2016-01-25
"138",0.06,9.93,180,8.31,0.67,40.35,68.77,33.99,0,0.53,"NA","NA","partly-cloudy-night","Partly cloudy overnight.",1016.99,NA,2016-01-24
"139",0.04,9.94,108,0.5,0.63,30.05,57,30.82,0,0.49,"NA","NA","clear-day","Clear throughout the day.",1025.41,NA,2016-01-23
"140",0.04,10,333,10.3,0.57,29.21,53.17,37.41,0,0.46,"NA","NA","clear-day","Clear throughout the day.",1025.92,NA,2016-01-22
"141",0.19,7.1,324,6.74,0.72,44.31,63.61,44.23,3e-04,0.42,"NA","NA","fog","Foggy in the morning.",1016.42,NA,2016-01-21
"142",0.46,9.95,36,3.24,0.65,39.46,55.43,44.35,0,0.39,"NA","NA","fog","Foggy overnight.",1019.91,NA,2016-01-20
"143",0.23,8.06,192,7.52,0.77,46.52,68.12,41.91,0,0.35,"NA","NA","partly-cloudy-day","Partly cloudy starting in the afternoon, continuing until evening.",1022.19,NA,2016-01-19
"144",0.03,9.91,46,0.94,0.71,35.57,57.18,34.79,0,0.32,"NA","NA","clear-day","Clear throughout the day.",1026.62,NA,2016-01-18
"145",0.07,10,192,1.22,0.66,32.02,55.81,30.91,0,0.28,"NA","NA","clear-day","Clear throughout the day.",1022.1,NA,2016-01-17
"146",0.16,9.81,354,6.95,0.65,37.03,61.3,43.04,1e-04,0.24,"NA","NA","wind","Partly cloudy in the morning and breezy starting in the afternoon, continuing until evening.",1013.12,NA,2016-01-16
"147",0.03,9.79,289,2,0.55,38.81,69.24,46.87,0,0.2,"NA","NA","clear-day","Clear throughout the day.",1008.53,NA,2016-01-15
"148",0.23,9.86,199,6.57,0.78,49.66,69.61,47.15,0,0.17,"NA","NA","partly-cloudy-day","Partly cloudy until evening.",1012.38,NA,2016-01-14
"149",0.06,8.96,204,5.07,0.66,38.51,64.81,37.52,0,0.13,"NA","NA","clear-day","Clear throughout the day.",1021.96,NA,2016-01-13
"150",0.02,9.54,257,2.14,0.64,34.48,64.42,35.62,0,0.09,"NA","NA","clear-day","Clear throughout the day.",1025.31,NA,2016-01-12
"151",0.14,10,64,1.15,0.6,28.45,54.46,33.21,0,0.06,"NA","NA","partly-cloudy-day","Partly cloudy in the afternoon.",1024.53,NA,2016-01-11
"152",0.03,9.99,8,6.19,0.61,27.01,49.07,32.59,0,0.02,"NA","NA","clear-day","Clear throughout the day.",1026,NA,2016-01-10
"153",0.2,10,318,12.11,0.58,34.27,57.85,38.54,0,0.98,"NA","NA","partly-cloudy-day","Partly cloudy until evening.",1016.1,NA,2016-01-09
"154",0.09,6.91,198,2.93,0.89,50.94,64.34,45.14,1e-04,0.95,"NA","NA","fog","Foggy in the morning.",1008.35,NA,2016-01-08
"155",0.11,6.07,224,2.33,0.83,50.49,70.97,48.84,0,0.92,"NA","NA","fog","Foggy in the morning.",1012.02,NA,2016-01-07
"156",NA,6.02,74,2.98,0.88,45.86,52.63,46,0.0073,0.89,"NA","NA","rain","Rain in the evening.",1018.8,NA,2016-01-06
"157",0.14,9.95,65,5.29,0.71,35.98,54.83,35.76,0,0.86,"NA","NA","partly-cloudy-day","Mostly cloudy in the evening.",1025.51,NA,2016-01-05
"158",0.03,10,5,5.75,0.61,31.72,57.22,36.14,0,0.83,"NA","NA","clear-day","Clear throughout the day.",1026.82,NA,2016-01-04
"159",0.2,9.94,305,4.22,0.73,39.2,60.91,41.2,6e-04,0.8,"NA","NA","clear-day","Clear throughout the day.",1026.08,NA,2016-01-03
"160",0.57,9.65,352,4.47,0.69,34.23,46.77,42.53,0.0066,0.77,"NA","NA","rain","Light rain starting in the evening.",1030.14,NA,2016-01-02
"161",0.4,9.97,14,11.71,0.63,33.7,48.29,43.63,0,0.74,"NA","NA","partly-cloudy-day","Partly cloudy until afternoon.",1031.6,NA,2016-01-01
"162",0.12,9.66,20,9.69,0.76,38.75,51.79,39.53,0,0.71,"NA","NA","partly-cloudy-day","Mostly cloudy in the evening.",1026.27,NA,2015-12-31
"163",0.24,7.97,18,6.72,0.83,42.69,54.94,41.86,8e-04,0.68,"NA","NA","clear-day","Clear throughout the day.",1023.35,NA,2015-12-30
"164",0.07,9.48,52,2.44,0.77,35.42,48.55,36.47,4e-04,0.64,"NA","NA","rain","Light rain overnight.",1018.36,NA,2015-12-29
"165",0.34,10,295,10.48,0.71,30.58,44.97,36.58,0,0.61,"NA","NA","partly-cloudy-day","Partly cloudy until afternoon.",1013.49,NA,2015-12-28
"166",NA,8.35,306,5.94,0.91,47.89,73.41,37.41,0.0357,0.58,"NA","NA","rain","Heavy rain until afternoon, starting again in the evening.",1004.65,NA,2015-12-27
"167",NA,8.5,158,11.65,0.86,69.42,76.66,69.14,0.0028,0.55,"NA","NA","rain","Light rain in the evening.",1006.51,NA,2015-12-26
"168",0.21,8.81,21,3.27,0.77,53.8,67.03,52.58,0,0.52,"NA","NA","partly-cloudy-night","Partly cloudy in the evening.",1013.67,NA,2015-12-25
"169",0.12,8.18,278,0.79,0.79,55.42,73.34,52.12,0,0.47,"NA","NA","partly-cloudy-night","Partly cloudy overnight.",1009.67,NA,2015-12-24
"170",0.13,8.96,242,3.82,0.62,52.41,80.33,56.14,0,0.44,"NA","NA","partly-cloudy-night","Partly cloudy in the morning.",1001.06,NA,2015-12-23
"171",0.08,9.97,185,4.74,0.76,54.86,77.69,47.45,0,0.41,"NA","NA","clear-day","Clear throughout the day.",1006.87,NA,2015-12-22
"172",0.21,8.53,223,3.15,0.85,60.25,73.49,54.48,0,0.37,"NA","NA","partly-cloudy-day","Partly cloudy until afternoon.",1013.98,NA,2015-12-21
"173",0.32,9.26,172,7.07,0.88,55.5,66.72,49.88,0,0.33,"NA","NA","partly-cloudy-night","Partly cloudy starting in the afternoon, continuing until evening.",1020.45,NA,2015-12-20
"174",0.05,9.85,155,6.42,0.69,38.74,64.44,34.12,0,0.29,"NA","NA","partly-cloudy-night","Partly cloudy overnight.",1029.36,NA,2015-12-19
"175",0.03,10,5,2.96,0.59,30.58,56.2,33.97,0,0.26,"NA","NA","clear-day","Clear throughout the day.",1028.01,NA,2015-12-18
"176",0.06,10,320,3.61,0.49,30.62,65.88,38.16,0,0.22,"NA","NA","clear-day","Clear throughout the day.",1018.1,NA,2015-12-17
"177",0.31,10,350,8.9,0.37,30.22,63,44.44,0,0.18,"NA","NA","partly-cloudy-day","Partly cloudy in the afternoon.",1012.78,NA,2015-12-16
"178",0.25,9.77,201,3.53,0.85,58.04,74.11,52.05,0,0.15,"NA","NA","partly-cloudy-night","Partly cloudy starting in the afternoon, continuing until evening.",1006.26,NA,2015-12-15
"179",0,10,213,5.31,0.57,40.6,74.37,42.67,0,0.11,"NA","NA","clear-day","Clear throughout the day.",1008.53,NA,2015-12-14
"180",0.27,8.77,225,4.38,0.88,50.77,73.92,48.48,0.0425,0.08,"NA","NA","rain","Heavy rain until afternoon.",1005.95,NA,2015-12-13
"181",0.55,9.15,164,11.76,0.86,67.57,74.75,69.9,6e-04,0.04,"NA","NA","rain","Heavy rain overnight.",1007.22,NA,2015-12-12
"182",0.11,6.39,175,6.75,0.85,60.23,78.51,52.5,0,0.02,"NA","NA","fog","Foggy in the morning.",1009.42,NA,2015-12-11
"183",0.13,8.2,206,7.07,0.78,57.7,77.54,52.38,0,0.97,"NA","NA","clear-day","Clear throughout the day.",1010.5,NA,2015-12-10
"184",0.03,9.66,242,0.78,0.66,46.34,74.32,48.27,0,0.94,"NA","NA","clear-day","Clear throughout the day.",1015.31,NA,2015-12-09
"185",0.05,9.53,208,6.07,0.72,46.84,74.61,40.79,0,0.91,"NA","NA","clear-day","Clear throughout the day.",1017.04,NA,2015-12-08
"186",0.01,9.74,320,2.07,0.7,42.46,68.37,41.96,0,0.88,"NA","NA","clear-day","Clear throughout the day.",1025.1,NA,2015-12-07
"187",0.08,9.71,313,4.48,0.75,45.12,68.51,42.84,0,0.85,"NA","NA","clear-day","Clear throughout the day.",1029.34,NA,2015-12-06
"188",0.04,9.79,149,2.4,0.7,38.54,64.1,36.53,0,0.82,"NA","NA","clear-day","Clear throughout the day.",1030.43,NA,2015-12-05
"189",0,9.9,83,2.35,0.7,37.6,62.32,36.95,0,0.79,"NA","NA","clear-day","Clear throughout the day.",1030.83,NA,2015-12-04
"190",0,9.93,16,3.01,0.64,36.27,61.85,39.37,0,0.76,"NA","NA","clear-day","Clear throughout the day.",1028.28,NA,2015-12-03
"191",0.06,9.36,346,5.91,0.67,39.5,66.41,42.13,0,0.73,"NA","NA","clear-day","Clear throughout the day.",1021.5,NA,2015-12-02
"192",0.02,9.98,18,5.09,0.77,43.39,57.3,45.7,0,0.7,"NA","NA","clear-day","Clear throughout the day.",1017.5,NA,2015-12-01
"193",0.62,9.05,356,3.78,0.88,45.42,54.13,44.91,0,0.67,"NA","NA","partly-cloudy-night","Partly cloudy starting in the evening.",1018.06,NA,2015-11-30
"194",NA,7.28,354,6.5,0.94,42.05,46.04,42.02,0.0016,0.64,"NA","NA","rain","Light rain in the morning.",1021.72,NA,2015-11-29
"195",NA,8.89,350,10.08,0.9,39.21,44.02,39.55,0.0064,0.6,"NA","NA","rain","Light rain in the morning and overnight.",1023.69,NA,2015-11-28
"196",NA,6.62,50,1.73,0.95,59.38,72.69,41.3,0.0291,0.57,"NA","NA","rain","Rain in the morning and afternoon.",1019.84,NA,2015-11-27
"197",0.77,7.96,148,8.41,0.92,68.03,73.77,67.78,0.0114,0.54,"NA","NA","rain","Rain until afternoon, starting again in the evening.",1018.59,NA,2015-11-26
"198",NA,9.69,154,7.46,0.8,60.91,73.83,61.33,1e-04,0.49,"NA","NA","clear-day","Clear throughout the day.",1017.73,NA,2015-11-25
"199",0.28,10,151,4.5,0.76,49.1,64.41,46.95,0,0.46,"NA","NA","partly-cloudy-night","Partly cloudy in the morning.",1020.82,NA,2015-11-24
"200",0.03,9.87,153,1.09,0.6,32.05,62.44,31.98,0,0.42,"NA","NA","clear-day","Clear throughout the day.",1025.53,NA,2015-11-23
"201",0.02,9.86,2,3.65,0.56,28.36,55.9,34.2,0,0.38,"NA","NA","clear-day","Clear throughout the day.",1026.51,NA,2015-11-22
"202",0.19,9.26,2,10.53,0.62,42.63,64.52,41.49,0,0.35,"NA","NA","wind","Breezy until evening.",1020.52,NA,2015-11-21
"203",0.09,9.86,157,4.07,0.74,53.24,76.19,50.3,0,0.31,"NA","NA","partly-cloudy-night","Partly cloudy starting in the evening.",1017.12,NA,2015-11-20
"204",0.03,9.76,353,0.48,0.63,46.58,77.32,46.44,0,0.27,"NA","NA","clear-day","Clear throughout the day.",1018.18,NA,2015-11-19
"205",0,10,218,3.69,0.61,41.5,71.75,43.1,0,0.24,"NA","NA","clear-day","Clear throughout the day.",1010.81,NA,2015-11-18
"206",0.27,9.13,228,3.43,0.76,53.07,74.53,48.05,0.0339,0.2,"NA","NA","rain","Heavy rain in the morning.",1004.15,NA,2015-11-17
"207",NA,7.74,160,9.22,0.92,67.33,74.06,65.06,9e-04,0.16,"NA","NA","clear-day","Clear throughout the day.",1010.81,NA,2015-11-16
"208",0.49,10,119,4.44,0.75,53.49,70.37,53.19,0,0.13,"NA","NA","partly-cloudy-night","Partly cloudy starting in the evening.",1021.83,NA,2015-11-15
"209",0.42,9.83,37,3.34,0.66,46.12,64.6,54.53,6e-04,0.1,"NA","NA","partly-cloudy-night","Partly cloudy overnight.",1026,NA,2015-11-14
"210",0.6,10,52,6.18,0.47,40.02,64.25,56.02,0,0.06,"NA","NA","partly-cloudy-day","Mostly cloudy until afternoon.",1024.98,NA,2015-11-13
"211",0.09,9.97,15,9.77,0.4,36.88,69.32,55.35,0,0.03,"NA","NA","partly-cloudy-day","Partly cloudy in the afternoon.",1021.71,NA,2015-11-12
"212",0.4,10,207,6.9,0.7,64.6,84.63,69.19,0,0.01,"NA","NA","partly-cloudy-day","Partly cloudy starting in the afternoon, continuing until evening.",1011.18,NA,2015-11-11
"213",0.45,9.97,161,6.17,0.83,62.14,73.72,59.08,0,0.97,"NA","NA","clear-day","Clear throughout the day.",1016.63,NA,2015-11-10
"214",0.32,10,85,1.91,0.66,49.52,72.08,51.55,0,0.94,"NA","NA","partly-cloudy-day","Partly cloudy until afternoon.",1019.85,NA,2015-11-09
"215",0.18,10,11,8.76,0.58,43.75,68.21,52.68,0,0.91,"NA","NA","partly-cloudy-night","Partly cloudy in the morning.",1022.99,NA,2015-11-08
"216",0.73,9.07,14,11.07,0.85,54.34,62.47,56.65,0.0164,0.88,"NA","NA","rain","Rain in the morning.",1021.02,NA,2015-11-07
"217",0.34,9.92,12,6.04,0.66,53.99,74.99,59.18,0.0019,0.85,"NA","NA","partly-cloudy-day","Partly cloudy until afternoon.",1017.73,NA,2015-11-06
"218",0.48,8.7,170,8.57,0.83,71.53,83.83,72.23,0.0024,0.82,"NA","NA","rain","Light rain in the morning.",1013.92,NA,2015-11-05
"219",0.48,8.73,140,5.87,0.83,63.75,77.71,60.3,0,0.79,"NA","NA","partly-cloudy-day","Mostly cloudy in the afternoon.",1016.03,NA,2015-11-04
"220",0.12,8.03,148,4.54,0.77,58.28,79.55,56.56,0,0.75,"NA","NA","fog","Foggy in the morning.",1015.68,NA,2015-11-03
"221",0.13,7.06,129,1.63,0.78,57.8,79,56.89,0,0.72,"NA","NA","fog","Foggy in the morning.",1014.71,NA,2015-11-02
"222",0.23,9.63,357,4.31,0.79,57.92,73.98,58.96,0.0048,0.69,"NA","NA","rain","Rain in the morning.",1014.1,NA,2015-11-01
"223",0.23,9.63,357,4.31,0.79,57.92,73.98,58.96,0.0048,0.69,"NA","NA","rain","Rain in the morning.",1014.1,NA,2015-10-31
"224",0.34,8.77,0,4.1,0.86,65.55,74.11,64.95,0.0263,0.65,"NA","NA","rain","Heavy rain in the morning.",1007.37,NA,2015-10-30
"225",NA,6,132,8.44,0.94,69.91,75.59,67.75,0.1049,0.62,"NA","NA","rain","Heavy rain until afternoon, starting again overnight.",1006.18,NA,2015-10-29
"226",0.13,9.97,107,3.09,0.65,52.71,80.36,51.03,0,0.58,"NA","NA","partly-cloudy-night","Partly cloudy starting in the evening.",1012.14,NA,2015-10-28
"227",0.05,10,313,5.44,0.57,50.09,79.5,58.16,0,0.55,"NA","NA","clear-day","Clear throughout the day.",1010.4,NA,2015-10-27
"228",0.05,9.95,276,3.46,0.63,52.98,82.76,57.14,0,0.51,"NA","NA","clear-day","Clear throughout the day.",1010.66,NA,2015-10-26
"229",0.21,9.94,346,9.95,0.66,54.55,77.25,58.69,0,0.47,"NA","NA","partly-cloudy-day","Partly cloudy in the afternoon.",1014.6,NA,2015-10-25
"230",0.62,8.59,345,13.56,0.89,57.22,63.36,57.25,0.0192,0.43,"NA","NA","rain","Rain until afternoon.",1016.27,NA,2015-10-24
"231",0.73,5.41,32,9.56,0.96,66.56,75.97,61.68,0.093,0.4,"NA","NA","rain","Heavy rain throughout the day.",1012.01,NA,2015-10-23
"232",0.39,7.65,156,6.76,0.93,73.05,78.15,72.07,0.0215,0.36,"NA","NA","rain","Rain in the morning and afternoon.",1011.42,NA,2015-10-22
"233",0.51,8.04,143,8.42,0.84,70.03,81.79,69.71,0.0041,0.32,"NA","NA","rain","Light rain in the morning and afternoon.",1014.06,NA,2015-10-21
"234",0.43,9.83,121,9.1,0.75,67.97,85.66,72,0.0014,0.29,"NA","NA","partly-cloudy-night","Partly cloudy starting in the afternoon.",1017.16,NA,2015-10-20
"235",0.11,10,141,5.58,0.63,56.57,85.49,55.37,0,0.25,"NA","NA","partly-cloudy-day","Partly cloudy starting in the afternoon, continuing until evening.",1018.42,NA,2015-10-19
"236",0.02,9.99,142,4.04,0.44,44.31,84.16,53.29,0,0.21,"NA","NA","clear-day","Clear throughout the day.",1022.36,NA,2015-10-18
"237",0.07,10,91,4.43,0.34,35.98,82.85,54.85,0,0.18,"NA","NA","clear-day","Dry throughout the day.",1025.06,NA,2015-10-17
"238",0.09,10,54,5.83,0.45,48.33,86.26,61.02,0,0.15,"NA","NA","clear-day","Clear throughout the day.",1023.23,NA,2015-10-16
"239",0.04,9.96,80,2.85,0.57,55.45,89.24,60.35,0,0.11,"NA","NA","clear-day","Clear throughout the day.",1020.77,NA,2015-10-15
"240",0.12,9.56,178,5.22,0.51,54.59,93.14,62.54,0,0.08,"NA","NA","partly-cloudy-night","Partly cloudy in the morning.",1017.56,NA,2015-10-14
"241",0.05,9.53,131,2.08,0.32,40.57,94.32,61.08,0,0.05,"NA","NA","clear-day","Dry throughout the day.",1016.79,NA,2015-10-13
"242",0.08,10,29,7.38,0.34,44.29,92.28,66.34,0,0.02,"NA","NA","clear-day","Dry throughout the day.",1014.1,NA,2015-10-12
"243",0.11,9.47,197,8.29,0.6,66.03,97.6,71.84,0,0.99,"NA","NA","partly-cloudy-night","Partly cloudy starting in the evening.",1008.3,NA,2015-10-11
"244",0.05,9.97,206,6.16,0.56,60.08,93.69,64.73,0,0.96,"NA","NA","clear-day","Clear throughout the day.",1013.55,NA,2015-10-10
"245",0.08,10,22,5.4,0.57,59.33,88.73,66.38,0,0.93,"NA","NA","clear-day","Clear throughout the day.",1019.68,NA,2015-10-09
"246",0.07,9.98,1,2.09,0.63,63.86,86.08,71.17,0,0.9,"NA","NA","clear-day","Clear throughout the day.",1018.13,NA,2015-10-08
"247",0.25,9.88,127,3.95,0.64,63.23,88.3,67.37,0,0.87,"NA","NA","partly-cloudy-day","Partly cloudy throughout the day.",1015.6,NA,2015-10-07
"248",0.1,10,101,2.32,0.54,57.03,89.75,62.59,0,0.84,"NA","NA","clear-day","Clear throughout the day.",1016.44,NA,2015-10-06
"249",0.07,9.97,16,4.53,0.51,53.19,88.01,62.83,0,0.81,"NA","NA","clear-day","Clear throughout the day.",1018.24,NA,2015-10-05
"250",0.04,9.99,14,4.67,0.48,51.98,82.95,67.25,0,0.77,"NA","NA","clear-day","Clear throughout the day.",1016.58,NA,2015-10-04
"251",0.08,9.94,23,5.26,0.45,47.45,85.28,58.01,0,0.74,"NA","NA","clear-day","Clear throughout the day.",1013.91,NA,2015-10-03
"252",0.05,10,46,4.2,0.4,43.74,83.97,56.95,0,0.71,"NA","NA","clear-day","Clear throughout the day.",1011.68,NA,2015-10-02
"253",0.1,9.99,27,7.5,0.45,50.22,86.44,66.1,0,0.67,"NA","NA","clear-day","Clear throughout the day.",1014.78,NA,2015-10-01
"254",0.06,9.72,22,5.99,0.52,59.83,92.88,69.04,0,0.63,"NA","NA","clear-day","Clear throughout the day.",1015.3,NA,2015-09-30
"255",0.08,10,12,4.96,0.55,61.88,93.44,70.01,0,0.6,"NA","NA","partly-cloudy-day","Partly cloudy in the afternoon.",1013.77,NA,2015-09-29
"256",0.16,10,12,5.19,0.64,63.87,91.61,67.03,0,0.56,"NA","NA","partly-cloudy-day","Partly cloudy starting in the afternoon, continuing until evening.",1010.82,NA,2015-09-28
"257",0.19,9.65,17,4.94,0.66,63.29,86.14,68.26,0,0.52,"NA","NA","partly-cloudy-day","Partly cloudy until evening.",1010.07,NA,2015-09-27
"258",0.1,9.86,51,1.28,0.55,58.53,92.1,65.99,0,0.48,"NA","NA","clear-day","Clear throughout the day.",1011.42,NA,2015-09-26
"259",0.1,9.86,2,3.77,0.57,60,92.92,68.27,0,0.45,"NA","NA","clear-day","Clear throughout the day.",1013.46,NA,2015-09-25
"260",0.14,9.84,317,1.5,0.63,63.76,91.23,71.51,0.0161,0.41,"NA","NA","rain","Heavy rain in the evening.",1015.69,NA,2015-09-24
"261",0.11,10,94,1.46,0.51,58.2,92.06,67.99,0,0.37,"NA","NA","partly-cloudy-day","Partly cloudy in the afternoon.",1015.26,NA,2015-09-23
"262",0.09,9.81,170,2.52,0.59,61.83,92.07,67.6,6e-04,0.34,"NA","NA","rain","Drizzle until afternoon.",1015.33,NA,2015-09-22
"263",0.13,9.86,147,3.98,0.56,63.27,94.04,70.19,0,0.3,"NA","NA","partly-cloudy-day","Partly cloudy in the afternoon.",1015.13,NA,2015-09-21
"264",0.06,10,137,3.53,0.58,63.34,94.19,72.47,0,0.27,"NA","NA","clear-day","Clear throughout the day.",1014.05,NA,2015-09-20
"265",0.08,9.88,177,2.5,0.59,62.57,92.75,68.1,0,0.23,"NA","NA","clear-day","Clear throughout the day.",1014.37,NA,2015-09-19
"266",0.2,9.7,140,3.49,0.63,65.74,92.84,72.9,0,0.2,"NA","NA","partly-cloudy-day","Partly cloudy until evening.",1012.53,NA,2015-09-18
"267",0.26,9.93,171,6.5,0.67,69.39,95.04,74.28,0,0.17,"NA","NA","partly-cloudy-day","Partly cloudy until afternoon.",1011.23,NA,2015-09-17
"268",0.28,9.68,167,6.1,0.69,70.01,93.94,74.28,0,0.14,"NA","NA","partly-cloudy-day","Partly cloudy until evening.",1014.4,NA,2015-09-16
"269",0.41,9.73,158,6.72,0.76,71.78,91.48,74.28,0.0011,0.1,"NA","NA","partly-cloudy-day","Partly cloudy starting in the afternoon.",1016.86,NA,2015-09-15
"270",0.24,9.85,149,6.3,0.73,69.78,92.45,72.14,0,0.07,"NA","NA","partly-cloudy-day","Partly cloudy in the afternoon.",1015.97,NA,2015-09-14
"271",0.05,10,138,6.04,0.55,56.32,88.64,63.78,0,0.04,"NA","NA","clear-day","Clear throughout the day.",1016.08,NA,2015-09-13
"272",0.09,10,143,4.3,0.45,50.72,89.66,62.85,0,0.01,"NA","NA","partly-cloudy-day","Partly cloudy in the morning.",1016.38,NA,2015-09-12
"273",0.09,9.89,24,8.4,0.56,58.61,89.88,71.01,0,0.98,"NA","NA","clear-day","Clear throughout the day.",1016.2,NA,2015-09-11
"274",0.24,8.21,55,2.58,0.81,72.67,90.85,74.03,0.0052,0.95,"NA","NA","rain","Rain in the evening.",1012.32,NA,2015-09-10
"275",0.28,8.58,146,2.24,0.83,73.47,94.44,74.91,0.0375,0.92,"NA","NA","rain","Heavy rain in the evening.",1012.09,NA,2015-09-09
"276",0.21,9.55,172,2.37,0.74,71.84,90.36,74.32,0.0093,0.89,"NA","NA","rain","Rain starting in the evening.",1011.48,NA,2015-09-08
"277",0.24,9.97,176,5.88,0.62,69.87,97.39,76.66,0,0.86,"NA","NA","partly-cloudy-day","Partly cloudy until evening.",1011.14,NA,2015-09-07
"278",0.13,9.94,171,5.51,0.62,69.93,97.35,75.6,0,0.82,"NA","NA","partly-cloudy-day","Partly cloudy starting in the afternoon, continuing until evening.",1012.56,NA,2015-09-06
"279",0.2,9.82,177,6.51,0.64,70.5,98.33,75.75,0,0.79,"NA","NA","partly-cloudy-day","Partly cloudy until afternoon.",1013.6,NA,2015-09-05
"280",0.21,9.76,165,7.92,0.68,72.22,98.9,77.47,3e-04,0.76,"NA","NA","partly-cloudy-day","Partly cloudy until evening.",1013.46,NA,2015-09-04
"281",0.31,9.87,159,6.16,0.67,70.89,96.86,75.6,0,0.72,"NA","NA","partly-cloudy-day","Partly cloudy throughout the day.",1011.94,NA,2015-09-03
"282",0.18,10,117,3.94,0.66,68.15,91.74,71.78,0,0.68,"NA","NA","partly-cloudy-day","Partly cloudy until evening.",1012.24,NA,2015-09-02
"283",0.2,9.83,125,4.44,0.66,66.53,92.26,69.72,0,0.65,"NA","NA","partly-cloudy-day","Partly cloudy in the evening.",1015.24,NA,2015-09-01
"284",0.23,9.99,141,5.59,0.69,68.82,91.89,73.34,9e-04,0.61,"NA","NA","rain","Light rain in the afternoon.",1015.16,NA,2015-08-31
"285",0.15,9.99,160,5.36,0.63,67,95.16,72.71,0.0016,0.57,"NA","NA","rain","Light rain in the evening.",1014.39,NA,2015-08-30
"286",0.06,10,174,2.94,0.57,64.76,92.68,74.37,0,0.53,"NA","NA","partly-cloudy-day","Partly cloudy in the evening.",1014.78,NA,2015-08-29
"287",0.04,10,184,3.5,0.56,63.21,92.85,70.21,0,0.49,"NA","NA","clear-day","Clear throughout the day.",1015.12,NA,2015-08-28
"288",0.07,9.99,183,4.08,0.49,59.97,95.92,70.81,0,0.46,"NA","NA","clear-day","Clear throughout the day.",1014.12,NA,2015-08-27
"289",0.05,10,168,4.01,0.57,64.77,95.89,74.07,0,0.42,"NA","NA","clear-day","Clear throughout the day.",1016.2,NA,2015-08-26
"290",0.12,10,116,2.82,0.63,67.96,94.81,72.73,0,0.39,"NA","NA","partly-cloudy-day","Partly cloudy starting in the afternoon, continuing until evening.",1017.4,NA,2015-08-25
"291",0.06,10,148,2.3,0.59,68.55,98.18,77.23,0,0.35,"NA","NA","clear-day","Clear throughout the day.",1016.09,NA,2015-08-24
"292",0.08,9.99,172,3.35,0.58,68.56,98.18,75.97,0,0.32,"NA","NA","clear-day","Clear throughout the day.",1015.84,NA,2015-08-23
"293",0.13,9.92,179,6.4,0.64,71.46,99.1,76.48,0,0.28,"NA","NA","partly-cloudy-day","Partly cloudy in the morning.",1014.18,NA,2015-08-22
"294",0.28,9.93,178,8.59,0.68,71.88,97,76.58,0,0.25,"NA","NA","partly-cloudy-day","Partly cloudy until afternoon.",1012.37,NA,2015-08-21
"295",0.29,8.69,138,4.88,0.79,70.92,89.71,71.71,0.0023,0.22,"NA","NA","partly-cloudy-day","Humid throughout the day and partly cloudy starting in the afternoon, continuing until evening.",1013.45,NA,2015-08-20
"296",0.3,9.48,63,4.06,0.81,70.98,82.65,73.64,0.015,0.19,"NA","NA","rain","Rain in the afternoon.",1012.98,NA,2015-08-19
"297",0.2,10,173,7.28,0.65,71.63,96.23,78.61,0,0.16,"NA","NA","partly-cloudy-day","Partly cloudy until afternoon.",1008.35,NA,2015-08-18
"298",0.23,9.97,182,8.93,0.62,69.63,98.08,75.6,0,0.13,"NA","NA","partly-cloudy-day","Partly cloudy until evening.",1009.64,NA,2015-08-17
"299",0.12,9.94,164,3.93,0.62,68.03,94.53,73.34,9e-04,0.1,"NA","NA","clear-day","Clear throughout the day.",1012.67,NA,2015-08-16
"300",0.16,9.89,133,4.14,0.59,66.79,96.42,74.54,0,0.07,"NA","NA","partly-cloudy-day","Partly cloudy in the evening.",1013.4,NA,2015-08-15
"301",0.24,9.96,132,1.89,0.54,66.83,95.98,77.57,6e-04,0.04,"NA","NA","rain","Drizzle in the morning.",1014.21,NA,2015-08-14
"302",0.13,10,129,4.48,0.56,69.34,100.05,77.74,0,0.01,"NA","NA","partly-cloudy-day","Partly cloudy starting in the afternoon, continuing until evening.",1014.01,NA,2015-08-13
"303",0.15,10,48,3.76,0.49,67.09,101.71,78.34,0,0.97,"NA","NA","partly-cloudy-day","Partly cloudy in the afternoon.",1013.82,NA,2015-08-12
"304",0.16,10,128,1.45,0.54,69.03,102,76.87,0,0.94,"NA","NA","partly-cloudy-day","Partly cloudy in the afternoon.",1015.21,NA,2015-08-11
"305",0.13,10,151,2.34,0.51,64.85,102.43,72.07,0,0.91,"NA","NA","partly-cloudy-day","Partly cloudy in the evening.",1013.95,NA,2015-08-10
"306",0.12,9.96,179,4.15,0.6,67.12,101.05,72.52,0,0.87,"NA","NA","partly-cloudy-day","Partly cloudy in the morning.",1012.13,NA,2015-08-09
"307",0.18,9.96,182,8.49,0.62,69.14,100.67,75,0,0.84,"NA","NA","partly-cloudy-night","Partly cloudy in the morning.",1012.22,NA,2015-08-08
"308",0.18,9.91,180,9.66,0.63,70.89,99.83,75.87,0,0.81,"NA","NA","partly-cloudy-day","Partly cloudy in the morning.",1011.08,NA,2015-08-07
"309",0.08,9.97,179,8.62,0.61,70.11,99.74,75.94,0,0.77,"NA","NA","partly-cloudy-day","Partly cloudy in the morning.",1011.04,NA,2015-08-06
"310",0.12,9.99,188,9.15,0.61,70.39,99.54,77,0,0.73,"NA","NA","partly-cloudy-day","Partly cloudy in the morning.",1011.61,NA,2015-08-05
"311",0.17,9.96,184,9.09,0.6,70.39,98.9,77.98,0,0.7,"NA","NA","partly-cloudy-day","Partly cloudy in the morning.",1013.06,NA,2015-08-04
"312",0.15,9.93,178,7.03,0.6,69.71,97.34,75.85,0,0.66,"NA","NA","partly-cloudy-day","Partly cloudy starting in the afternoon, continuing until evening.",1012.33,NA,2015-08-03
"313",0.08,9.98,151,3.13,0.51,64.13,97.4,74.25,0,0.62,"NA","NA","clear-day","Clear throughout the day.",1011.09,NA,2015-08-02
"314",0.08,10,125,1.94,0.47,61.61,97.64,73.39,0,0.58,"NA","NA","clear-day","Clear throughout the day.",1011.69,NA,2015-08-01
"315",0.08,10,65,5.44,0.47,61.35,97.25,73.85,0,0.54,"NA","NA","clear-day","Clear throughout the day.",1013.8,NA,2015-07-31
"316",0.11,9.91,64,2.96,0.53,68.94,100.56,79.78,0,0.51,"NA","NA","partly-cloudy-day","Partly cloudy starting in the afternoon, continuing until evening.",1014.61,NA,2015-07-30
"317",0.08,10,200,2.66,0.53,65.98,100.08,75.1,0,0.47,"NA","NA","clear-day","Clear throughout the day.",1016.04,NA,2015-07-29
"318",0.19,9.82,169,6.48,0.63,70.37,98.33,74.93,0,0.43,"NA","NA","partly-cloudy-day","Partly cloudy in the morning.",1015.07,NA,2015-07-28
"319",0.22,9.2,173,8.71,0.64,70.98,98.52,75.75,0,0.4,"NA","NA","partly-cloudy-day","Partly cloudy until evening.",1012.86,NA,2015-07-27
"320",0.22,9.12,163,7.48,0.65,71.39,97.98,76.27,0,0.37,"NA","NA","partly-cloudy-day","Partly cloudy until evening.",1011.63,NA,2015-07-26
"321",0.14,9.56,163,5.46,0.66,71.82,96.58,75.34,0,0.33,"NA","NA","partly-cloudy-day","Partly cloudy in the morning.",1011.54,NA,2015-07-25
"322",0.13,9.89,177,5.93,0.63,69.77,96.48,73.34,0,0.3,"NA","NA","partly-cloudy-day","Partly cloudy in the morning.",1013.32,NA,2015-07-24
"323",0.21,9.92,179,8.26,0.64,71.03,97.48,76.09,0,0.27,"NA","NA","partly-cloudy-day","Partly cloudy starting in the afternoon, continuing until evening.",1014.65,NA,2015-07-23
"324",0.16,9.96,182,9.75,0.62,69.74,97.54,76.08,0,0.24,"NA","NA","partly-cloudy-day","Partly cloudy in the morning.",1013.51,NA,2015-07-22
"325",0.22,9.94,179,8.37,0.65,71.06,95.69,76.87,0,0.21,"NA","NA","partly-cloudy-day","Partly cloudy until evening.",1011.42,NA,2015-07-21
"326",0.13,9.81,178,7.88,0.64,70,96.02,74.81,0,0.18,"NA","NA","partly-cloudy-day","Partly cloudy in the evening.",1011.21,NA,2015-07-20
"327",0.09,9.84,184,6.99,0.65,70.16,95.92,73.23,0,0.15,"NA","NA","partly-cloudy-day","Partly cloudy in the morning.",1012.95,NA,2015-07-19
"328",0.2,9.99,180,8.17,0.66,71.95,95.82,75.87,0,0.12,"NA","NA","partly-cloudy-day","Partly cloudy until evening.",1014.49,NA,2015-07-18
"329",0.24,9.98,173,8.6,0.67,71.98,95.44,76.9,0,0.09,"NA","NA","partly-cloudy-day","Partly cloudy until evening.",1014.07,NA,2015-07-17
"330",0.2,9.99,181,8.91,0.66,71.45,95,76.33,0,0.06,"NA","NA","partly-cloudy-day","Partly cloudy until evening.",1013.08,NA,2015-07-16
"331",0.14,9.98,184,7.7,0.66,69.75,93.92,73.92,0,0.03,"NA","NA","partly-cloudy-day","Partly cloudy in the morning.",1013.44,NA,2015-07-15
"332",0.13,10,177,7.42,0.65,69.03,93.92,74.71,0,0.98,"NA","NA","partly-cloudy-night","Partly cloudy in the morning.",1012.24,NA,2015-07-14
"333",0.06,9.99,182,7.7,0.64,68.83,95.5,74.11,0,0.96,"NA","NA","partly-cloudy-day","Partly cloudy in the morning.",1010.95,NA,2015-07-13
"334",0.1,9.94,190,7.3,0.66,70.68,94.96,74.53,0,0.92,"NA","NA","partly-cloudy-day","Partly cloudy in the morning.",1013.12,NA,2015-07-12
"335",0.17,9.93,189,6.87,0.68,70.76,92.81,73.47,0,0.89,"NA","NA","partly-cloudy-night","Partly cloudy in the morning.",1017.29,NA,2015-07-11
"336",0.18,9.65,177,6.55,0.68,69.09,92.46,71.5,0,0.85,"NA","NA","partly-cloudy-day","Partly cloudy until afternoon.",1018.75,NA,2015-07-10
"337",0.18,9.2,168,7.73,0.69,69.45,92.8,71.92,0,0.82,"NA","NA","partly-cloudy-night","Partly cloudy in the morning.",1017.22,NA,2015-07-09
"338",0.25,9.06,168,9.59,0.68,70.14,92.33,76.18,0,0.78,"NA","NA","partly-cloudy-day","Partly cloudy until afternoon.",1016.11,NA,2015-07-08
"339",0.32,9.02,174,11.26,0.72,71.72,89.74,77.64,0,0.74,"NA","NA","partly-cloudy-day","Partly cloudy until evening.",1014.62,NA,2015-07-07
"340",0.29,9.63,171,11.58,0.74,72.92,91.09,77.82,0,0.71,"NA","NA","partly-cloudy-day","Partly cloudy until afternoon.",1013.9,NA,2015-07-06
"341",0.31,9.52,174,11.71,0.71,71.82,90.67,76.46,0,0.67,"NA","NA","partly-cloudy-day","Partly cloudy until evening.",1014.89,NA,2015-07-05
"342",0.34,9.79,170,9.06,0.75,72.8,90.33,75.64,0,0.63,"NA","NA","partly-cloudy-day","Partly cloudy until evening.",1015.16,NA,2015-07-04
"343",0.26,9.8,177,8.02,0.74,72.77,90.35,75.54,0,0.59,"NA","NA","partly-cloudy-day","Partly cloudy until evening.",1014.07,NA,2015-07-03
"344",0.26,9.13,178,7.15,0.74,71.99,90,75.79,0,0.56,"NA","NA","partly-cloudy-day","Partly cloudy until afternoon.",1014.01,NA,2015-07-02
"345",0.28,9.37,176,8.06,0.79,70.74,89.52,70.45,0,0.52,"NA","NA","partly-cloudy-day","Partly cloudy until evening.",1014.88,NA,2015-07-01
"346",0.14,9.96,194,6.92,0.82,70.99,87.71,69.56,1e-04,0.48,"NA","NA","partly-cloudy-day","Partly cloudy in the afternoon.",1016.15,NA,2015-06-30
"347",0.21,8.15,181,5.06,0.84,73.36,91.08,73.11,0.0464,0.45,"NA","NA","rain","Heavy rain in the evening.",1015.55,NA,2015-06-29
"348",0.18,9.27,189,6.77,0.74,72.29,91.64,73.76,0,0.41,"NA","NA","partly-cloudy-day","Partly cloudy until afternoon.",1014.59,NA,2015-06-28
"349",0.17,9.56,143,0.67,0.8,72.88,90.23,73.31,0.0073,0.38,"NA","NA","rain","Rain in the morning and afternoon.",1015.36,NA,2015-06-27
"350",0.12,9.86,175,1.48,0.8,73.18,88.57,76.38,5e-04,0.35,"NA","NA","rain","Drizzle starting in the afternoon, continuing until evening.",1015.31,NA,2015-06-26
"351",0.19,9.96,191,7.1,0.72,72.49,91.15,75.38,0,0.32,"NA","NA","partly-cloudy-day","Partly cloudy in the morning.",1014.59,NA,2015-06-25
"352",0.21,9.84,180,5.15,0.74,72.15,90.89,72.76,0,0.29,"NA","NA","partly-cloudy-day","Partly cloudy until afternoon.",1017.39,NA,2015-06-24
"353",0.21,9.87,166,4.56,0.77,72.59,90.08,74.16,0,0.26,"NA","NA","partly-cloudy-night","Partly cloudy in the morning.",1019.26,NA,2015-06-23
"354",0.22,9.62,146,5.61,0.79,73.55,90.54,74.34,1e-04,0.23,"NA","NA","partly-cloudy-day","Partly cloudy starting in the afternoon, continuing until evening.",1018.84,NA,2015-06-22
"355",0.3,9.16,154,6.15,0.84,74.07,86.87,71.69,0,0.2,"NA","NA","partly-cloudy-day","Partly cloudy in the afternoon.",1017.48,NA,2015-06-21
"356",0.32,7.81,162,5.41,0.9,74.24,85.17,71.69,0.0519,0.17,"NA","NA","rain","Heavy rain until afternoon, starting again in the evening.",1016.26,NA,2015-06-20
"357",0.3,8.69,176,5.21,0.91,73.41,82.58,72.31,0.0102,0.14,"NA","NA","rain","Heavy rain in the evening.",1015.89,NA,2015-06-19
"358",0.19,8.88,205,3.24,0.88,73.39,82.73,73.11,0.0236,0.11,"NA","NA","rain","Heavy rain in the morning and evening.",1015.83,NA,2015-06-18
"359",0.23,9.73,189,6.54,0.83,72.85,87.9,72.8,0,0.08,"NA","NA","partly-cloudy-day","Partly cloudy until afternoon.",1013.73,NA,2015-06-17
"360",0.33,8.82,203,4.57,0.87,72.89,85.53,72.18,0.0688,0.04,"NA","NA","rain","Heavy rain starting in the afternoon, continuing until evening.",1010.17,NA,2015-06-16
"361",0.49,8.77,42,7.93,0.9,72.93,80.86,73.58,0.0294,0.02,"NA","NA","rain","Heavy rain in the afternoon and overnight.",1011.59,NA,2015-06-15
"362",0.33,8.91,98,4.91,0.83,73.21,87.02,73.38,0.0126,0.97,"NA","NA","rain","Rain until evening.",1012.48,NA,2015-06-14
"363",0.43,8.96,144,6.13,0.9,73.31,84.21,71.61,0.0369,0.94,"NA","NA","rain","Heavy rain in the morning and afternoon.",1011.29,NA,2015-06-13
"364",0.28,9.94,143,7.04,0.74,71.92,92.9,74.49,0,0.9,"NA","NA","partly-cloudy-day","Partly cloudy until afternoon.",1009.87,NA,2015-06-12
"365",0.31,9.96,157,8.37,0.72,72.18,91.88,75.76,4e-04,0.87,"NA","NA","partly-cloudy-day","Partly cloudy starting in the afternoon, continuing until evening.",1009.07,NA,2015-06-11
"366",0.22,9.96,175,8.52,0.68,69.97,91.82,72.49,0,0.83,"NA","NA","partly-cloudy-day","Partly cloudy throughout the day.",1008.73,NA,2015-06-10
"367",0.13,10,187,5,0.62,67.6,92.18,72.28,0,0.79,"NA","NA","partly-cloudy-day","Partly cloudy starting in the afternoon, continuing until evening.",1009.96,NA,2015-06-09
